{"cameraMode":{"drawMode":0,"name":"Shaded","section":"Shading Mode"},"sceneLighting":false,"audioPlay":false,"sceneViewState":{"showFog":true,"showMaterialUpdate":false,"showSkybox":true,"showFlares":true,"showImageEffects":true,"showParticleSystems":true},"in2DMode":false,"pivot":{"x":0.0646824836730957,"y":-0.9865784645080566,"z":-0.23970794677734376},"rotation":{"x":-0.47138407826423647,"y":-0.14505961537361146,"z":0.07893342524766922,"w":-0.8663448691368103},"size":8.443609237670899,"orthographic":false}