{"cameraMode":{"drawMode":0,"name":"Shaded","section":"Shading Mode"},"sceneLighting":false,"audioPlay":false,"sceneViewState":{"showFog":true,"showMaterialUpdate":false,"showSkybox":true,"showFlares":true,"showImageEffects":true,"showParticleSystems":true},"in2DMode":false,"pivot":{"x":0.24268972873687745,"y":-41.87544250488281,"z":-2.7253756523132326},"rotation":{"x":-0.7210942506790161,"y":0.020146269351243974,"z":-0.020989274606108667,"w":-0.6922428011894226},"size":42.77558898925781,"orthographic":false}